group,patients,method,percent,ci_low,ci_high
All caught patients,959,Grad-CAM,75.0,72.2,77.7
All caught patients,959,Occlusion,62.6,59.6,65.7
All caught patients,959,Baseline: usual location,60.4,57.2,63.4
Small boxes,320,Grad-CAM,65.0,59.7,70.6
Small boxes,320,Occlusion,49.7,44.1,55.3
Small boxes,320,Baseline: usual location,36.6,31.2,41.9
Medium boxes,319,Grad-CAM,73.7,68.7,78.4
Medium boxes,319,Occlusion,64.3,58.9,69.6
Medium boxes,319,Baseline: usual location,56.4,50.8,61.8
Large boxes,320,Grad-CAM,86.2,82.2,89.7
Large boxes,320,Occlusion,73.8,68.8,78.4
Large boxes,320,Baseline: usual location,88.1,84.4,91.9
